,AA,AC,AG,AT,CA,CC,CG,CT,GA,GC,GG,GT,TA,TC,TG,TT
"(-3,-2)",0.29527991218441274,0.20241492864983537,0.2737211855104281,0.22858397365532382,0.3212570191462012,0.30481699479060953,0.09285569311954536,0.2810702929436439,0.2490907464822323,0.23387192940615312,0.3031391605056046,0.21389816360601,0.184897494590166,0.2235856254768784,0.3130949253880696,0.278421954544886
"(-2,-1)",0.3250686366080779,0.07083014916079364,0.26347966375137977,0.3406215504797486,0.37129492333797026,0.08499319748689178,0.0655639971261293,0.47814788204900865,0.2953421506612996,0.07321736630247269,0.2993962047153537,0.33204427832087413,0.2115622049531556,0.05968479918657854,0.34269736364296605,0.3860556322172997
"(-1,1)",1e-06,1e-06,1.0,1e-06,1e-06,1e-06,1.0,1e-06,1e-06,1e-06,1.0,1e-06,1e-06,1e-06,1.0,1e-06
"(1,2)",1e-06,1e-06,1e-06,1e-06,1e-06,1e-06,1e-06,1e-06,1e-06,1e-06,1e-06,1.0,1e-06,1e-06,1e-06,1e-06
"(2,3)",1e-06,1e-06,1e-06,1e-06,1e-06,1e-06,1e-06,1e-06,1e-06,1e-06,1e-06,1e-06,0.1818903834103263,0.21379752553882922,0.3335021349149677,0.2708099561358768
"(3,4)",0.27264351239834955,0.17804350438649202,0.27013980691423306,0.27917317630092536,0.2896530570513257,0.2862108922363847,0.059828914184445504,0.3643071365278441,0.23429938497503852,0.21060508406069411,0.3045629827072022,0.2505325482570651,0.17661065744689436,0.2243956250924892,0.23632841402876248,0.36266530343185394
"(4,5)",0.2788175375080539,0.21542969349246768,0.22876077685392568,0.2769919921455527,0.30502563104276165,0.2968334306664071,0.06446693919927325,0.333673999091558,0.2418928657218352,0.2528304908319321,0.2720794298983105,0.23319721354792217,0.17076834606673005,0.24108955626753045,0.2749357462239904,0.31320635144174913
"(5,6)",0.288396314193955,0.17878260347570307,0.2824534021670619,0.25036768016328,0.30706838303821066,0.277260018639329,0.0733923578751165,0.34227924044734387,0.25445592971687775,0.22344569414700774,0.2788560443822404,0.2432423317538742,0.17574960876369328,0.227906103286385,0.28280438184663537,0.31353990610328636
