,AA,AC,AG,AT,CA,CC,CG,CT,GA,GC,GG,GT,TA,TC,TG,TT
"(-3,-2)",0.6163682864450128,0.09718670076726343,0.149616368286445,0.13682864450127877,0.6778290993071594,0.1235565819861432,0.05889145496535797,0.1397228637413395,0.6080178173719377,0.16703786191536749,0.12472160356347439,0.1002227171492205,0.1830985915492958,0.24647887323943665,0.3309859154929578,0.23943661971830987
"(-2,-1)",0.07388809182209469,0.018651362984218076,0.8543758967001434,0.05308464849354375,0.18902439024390244,0.0701219512195122,0.524390243902439,0.2164634146341463,0.1477987421383648,0.06603773584905662,0.7075471698113208,0.07861635220125787,0.03519061583577713,0.03225806451612903,0.8504398826979472,0.08211143695014662
"(-1,1)",1e-06,1e-06,1.0,1e-06,1e-06,1e-06,1.0,1e-06,1e-06,1e-06,1.0,1e-06,1e-06,1e-06,1.0,1e-06
"(1,2)",1e-06,1e-06,1e-06,1e-06,1e-06,1e-06,1e-06,1e-06,1e-06,1e-06,1e-06,1.0,1e-06,1e-06,1e-06,1e-06
"(2,3)",1e-06,1e-06,1e-06,1e-06,1e-06,1e-06,1e-06,1e-06,1e-06,1e-06,1e-06,1e-06,0.49013019739605207,0.027299454010919783,0.4582108357832843,0.024359512809743807
"(3,4)",0.6461011139674379,0.09597257926306771,0.12167952013710367,0.13624678663239073,0.676923076923077,0.03076923076923077,0.1076923076923077,0.18461538461538463,0.8075160403299726,0.060494958753437224,0.1008249312557287,0.031164069660861597,0.3448275862068966,0.06896551724137931,0.3620689655172414,0.22413793103448276
"(4,5)",0.05768098881695115,0.02707474985285462,0.8822836962919364,0.0329605650382578,0.16304347826086957,0.22282608695652173,0.4293478260869565,0.18478260869565216,0.060714285714285714,0.05,0.8607142857142857,0.02857142857142857,0.045871559633027525,0.0779816513761468,0.8119266055045872,0.06422018348623854
"(5,6)",0.21290322580645166,0.13548387096774195,0.4451612903225807,0.20645161290322583,0.2966101694915254,0.288135593220339,0.11864406779661017,0.2966101694915254,0.13877755511022044,0.15731462925851705,0.19388777555110223,0.5100200400801603,0.13392857142857142,0.16964285714285715,0.4107142857142857,0.2857142857142857
